{"cameraMode":{"drawMode":0,"name":"Shaded","section":"Shading Mode"},"sceneLighting":true,"audioPlay":false,"sceneViewState":{"m_AlwaysRefresh":false,"showFog":true,"showSkybox":true,"showFlares":true,"showImageEffects":true,"showParticleSystems":true,"showVisualEffectGraphs":true,"m_FxEnabled":true},"in2DMode":false,"pivot":{"x":53.12141036987305,"y":2.6322622299194338,"z":-3.5056350231170656},"rotation":{"x":-0.23824138939380647,"y":-0.4844319522380829,"z":0.13881593942642213,"w":-0.8304601311683655},"size":15.574694633483887,"orthographic":false}