{"cameraMode":{"drawMode":0,"name":"Shaded","section":"Shading Mode"},"sceneLighting":false,"audioPlay":false,"sceneViewState":{"m_AlwaysRefresh":false,"showFog":true,"showSkybox":false,"showFlares":true,"showImageEffects":true,"showParticleSystems":true,"showVisualEffectGraphs":true,"m_FxEnabled":true},"in2DMode":false,"pivot":{"x":4.709859848022461,"y":0.36892032623291018,"z":91.75006103515625},"rotation":{"x":0.026953864842653276,"y":-0.5426371097564697,"z":-0.017425544559955598,"w":-0.8393556475639343},"size":2.606454610824585,"orthographic":false}